delta_t,threshold,cluster_id,best_t_days,mean_bmi,group_name
14,0.035,0,101,44.343701177,群组7
14,0.035,1,84,30.83436199041856,群组3
14,0.035,2,97,35.10079343899152,群组5
14,0.035,3,84,29.0050345231067,群组2
14,0.035,4,84,32.88320441884776,群组4
14,0.035,5,149,38.321496709430576,群组6
14,0.035,6,70,20.703125,群组1
14,0.036000000000000004,0,104,44.343701177,群组7
14,0.036000000000000004,1,84,30.83436199041856,群组3
14,0.036000000000000004,2,100,35.10079343899152,群组5
14,0.036000000000000004,3,84,29.0050345231067,群组2
14,0.036000000000000004,4,84,32.88320441884776,群组4
14,0.036000000000000004,5,151,38.321496709430576,群组6
14,0.036000000000000004,6,70,20.703125,群组1
14,0.037000000000000005,0,106,44.343701177,群组7
14,0.037000000000000005,1,86,30.83436199041856,群组3
14,0.037000000000000005,2,102,35.10079343899152,群组5
14,0.037000000000000005,3,84,29.0050345231067,群组2
14,0.037000000000000005,4,84,32.88320441884776,群组4
14,0.037000000000000005,5,153,38.321496709430576,群组6
14,0.037000000000000005,6,70,20.703125,群组1
14,0.038000000000000006,0,109,44.343701177,群组7
14,0.038000000000000006,1,88,30.83436199041856,群组3
14,0.038000000000000006,2,105,35.10079343899152,群组5
14,0.038000000000000006,3,86,29.0050345231067,群组2
14,0.038000000000000006,4,84,32.88320441884776,群组4
14,0.038000000000000006,5,154,38.321496709430576,群组6
14,0.038000000000000006,6,70,20.703125,群组1
14,0.03900000000000001,0,112,44.343701177,群组7
14,0.03900000000000001,1,91,30.83436199041856,群组3
14,0.03900000000000001,2,107,35.10079343899152,群组5
14,0.03900000000000001,3,88,29.0050345231067,群组2
14,0.03900000000000001,4,84,32.88320441884776,群组4
14,0.03900000000000001,5,156,38.321496709430576,群组6
14,0.03900000000000001,6,70,20.703125,群组1
14,0.04000000000000001,0,115,44.343701177,群组7
14,0.04000000000000001,1,93,30.83436199041856,群组3
14,0.04000000000000001,2,110,35.10079343899152,群组5
14,0.04000000000000001,3,90,29.0050345231067,群组2
14,0.04000000000000001,4,86,32.88320441884776,群组4
14,0.04000000000000001,5,157,38.321496709430576,群组6
14,0.04000000000000001,6,70,20.703125,群组1
14,0.04100000000000001,0,118,44.343701177,群组7
14,0.04100000000000001,1,96,30.83436199041856,群组3
14,0.04100000000000001,2,113,35.10079343899152,群组5
14,0.04100000000000001,3,93,29.0050345231067,群组2
14,0.04100000000000001,4,89,32.88320441884776,群组4
14,0.04100000000000001,5,158,38.321496709430576,群组6
14,0.04100000000000001,6,70,20.703125,群组1
14,0.04200000000000001,0,122,44.343701177,群组7
14,0.04200000000000001,1,98,30.83436199041856,群组3
14,0.04200000000000001,2,116,35.10079343899152,群组5
14,0.04200000000000001,3,95,29.0050345231067,群组2
14,0.04200000000000001,4,91,32.88320441884776,群组4
14,0.04200000000000001,5,159,38.321496709430576,群组6
14,0.04200000000000001,6,70,20.703125,群组1
14,0.04300000000000001,0,127,44.343701177,群组7
14,0.04300000000000001,1,101,30.83436199041856,群组3
14,0.04300000000000001,2,119,35.10079343899152,群组5
14,0.04300000000000001,3,98,29.0050345231067,群组2
14,0.04300000000000001,4,94,32.88320441884776,群组4
14,0.04300000000000001,5,160,38.321496709430576,群组6
14,0.04300000000000001,6,70,20.703125,群组1
14,0.04400000000000001,0,135,44.343701177,群组7
14,0.04400000000000001,1,104,30.83436199041856,群组3
14,0.04400000000000001,2,122,35.10079343899152,群组5
14,0.04400000000000001,3,100,29.0050345231067,群组2
14,0.04400000000000001,4,96,32.88320441884776,群组4
14,0.04400000000000001,5,161,38.321496709430576,群组6
14,0.04400000000000001,6,72,20.703125,群组1
14,0.04500000000000001,0,147,44.343701177,群组7
14,0.04500000000000001,1,107,30.83436199041856,群组3
14,0.04500000000000001,2,126,35.10079343899152,群组5
14,0.04500000000000001,3,103,29.0050345231067,群组2
14,0.04500000000000001,4,99,32.88320441884776,群组4
14,0.04500000000000001,5,162,38.321496709430576,群组6
14,0.04500000000000001,6,73,20.703125,群组1
16,0.035,0,107,44.343701177,群组7
16,0.035,1,92,30.83436199041856,群组3
16,0.035,2,104,35.10079343899152,群组5
16,0.035,3,87,29.0050345231067,群组2
16,0.035,4,86,32.88320441884776,群组4
16,0.035,5,152,38.321496709430576,群组6
16,0.035,6,70,20.703125,群组1
16,0.036000000000000004,0,110,44.343701177,群组7
16,0.036000000000000004,1,95,30.83436199041856,群组3
16,0.036000000000000004,2,107,35.10079343899152,群组5
16,0.036000000000000004,3,90,29.0050345231067,群组2
16,0.036000000000000004,4,88,32.88320441884776,群组4
16,0.036000000000000004,5,154,38.321496709430576,群组6
16,0.036000000000000004,6,70,20.703125,群组1
16,0.037000000000000005,0,112,44.343701177,群组7
16,0.037000000000000005,1,97,30.83436199041856,群组3
16,0.037000000000000005,2,110,35.10079343899152,群组5
16,0.037000000000000005,3,92,29.0050345231067,群组2
16,0.037000000000000005,4,90,32.88320441884776,群组4
16,0.037000000000000005,5,155,38.321496709430576,群组6
16,0.037000000000000005,6,70,20.703125,群组1
16,0.038000000000000006,0,116,44.343701177,群组7
16,0.038000000000000006,1,100,30.83436199041856,群组3
16,0.038000000000000006,2,112,35.10079343899152,群组5
16,0.038000000000000006,3,94,29.0050345231067,群组2
16,0.038000000000000006,4,93,32.88320441884776,群组4
16,0.038000000000000006,5,157,38.321496709430576,群组6
16,0.038000000000000006,6,70,20.703125,群组1
16,0.03900000000000001,0,119,44.343701177,群组7
16,0.03900000000000001,1,102,30.83436199041856,群组3
16,0.03900000000000001,2,115,35.10079343899152,群组5
16,0.03900000000000001,3,97,29.0050345231067,群组2
16,0.03900000000000001,4,95,32.88320441884776,群组4
16,0.03900000000000001,5,158,38.321496709430576,群组6
16,0.03900000000000001,6,70,20.703125,群组1
16,0.04000000000000001,0,123,44.343701177,群组7
16,0.04000000000000001,1,105,30.83436199041856,群组3
16,0.04000000000000001,2,118,35.10079343899152,群组5
16,0.04000000000000001,3,99,29.0050345231067,群组2
16,0.04000000000000001,4,98,32.88320441884776,群组4
16,0.04000000000000001,5,159,38.321496709430576,群组6
16,0.04000000000000001,6,70,20.703125,群组1
16,0.04100000000000001,0,128,44.343701177,群组7
16,0.04100000000000001,1,108,30.83436199041856,群组3
16,0.04100000000000001,2,121,35.10079343899152,群组5
16,0.04100000000000001,3,102,29.0050345231067,群组2
16,0.04100000000000001,4,101,32.88320441884776,群组4
16,0.04100000000000001,5,160,38.321496709430576,群组6
16,0.04100000000000001,6,70,20.703125,群组1
16,0.04200000000000001,0,147,44.343701177,群组7
16,0.04200000000000001,1,111,30.83436199041856,群组3
16,0.04200000000000001,2,124,35.10079343899152,群组5
16,0.04200000000000001,3,104,29.0050345231067,群组2
16,0.04200000000000001,4,103,32.88320441884776,群组4
16,0.04200000000000001,5,161,38.321496709430576,群组6
16,0.04200000000000001,6,70,20.703125,群组1
16,0.04300000000000001,0,150,44.343701177,群组7
16,0.04300000000000001,1,114,30.83436199041856,群组3
16,0.04300000000000001,2,127,35.10079343899152,群组5
16,0.04300000000000001,3,107,29.0050345231067,群组2
16,0.04300000000000001,4,106,32.88320441884776,群组4
16,0.04300000000000001,5,162,38.321496709430576,群组6
16,0.04300000000000001,6,71,20.703125,群组1
16,0.04400000000000001,0,153,44.343701177,群组7
16,0.04400000000000001,1,117,30.83436199041856,群组3
16,0.04400000000000001,2,131,35.10079343899152,群组5
16,0.04400000000000001,3,110,29.0050345231067,群组2
16,0.04400000000000001,4,109,32.88320441884776,群组4
16,0.04400000000000001,5,163,38.321496709430576,群组6
16,0.04400000000000001,6,72,20.703125,群组1
16,0.04500000000000001,0,154,44.343701177,群组7
16,0.04500000000000001,1,121,30.83436199041856,群组3
16,0.04500000000000001,2,135,35.10079343899152,群组5
16,0.04500000000000001,3,113,29.0050345231067,群组2
16,0.04500000000000001,4,112,32.88320441884776,群组4
16,0.04500000000000001,5,164,38.321496709430576,群组6
16,0.04500000000000001,6,74,20.703125,群组1
18,0.035,0,112,44.343701177,群组7
18,0.035,1,101,30.83436199041856,群组3
18,0.035,2,110,35.10079343899152,群组5
18,0.035,3,94,29.0050345231067,群组2
18,0.035,4,94,32.88320441884776,群组4
18,0.035,5,155,38.321496709430576,群组6
18,0.035,6,70,20.703125,群组1
18,0.036000000000000004,0,115,44.343701177,群组7
18,0.036000000000000004,1,103,30.83436199041856,群组3
18,0.036000000000000004,2,113,35.10079343899152,群组5
18,0.036000000000000004,3,96,29.0050345231067,群组2
18,0.036000000000000004,4,96,32.88320441884776,群组4
18,0.036000000000000004,5,156,38.321496709430576,群组6
18,0.036000000000000004,6,70,20.703125,群组1
18,0.037000000000000005,0,118,44.343701177,群组7
18,0.037000000000000005,1,106,30.83436199041856,群组3
18,0.037000000000000005,2,115,35.10079343899152,群组5
18,0.037000000000000005,3,99,29.0050345231067,群组2
18,0.037000000000000005,4,99,32.88320441884776,群组4
18,0.037000000000000005,5,157,38.321496709430576,群组6
18,0.037000000000000005,6,70,20.703125,群组1
18,0.038000000000000006,0,122,44.343701177,群组7
18,0.038000000000000006,1,108,30.83436199041856,群组3
18,0.038000000000000006,2,118,35.10079343899152,群组5
18,0.038000000000000006,3,101,29.0050345231067,群组2
18,0.038000000000000006,4,101,32.88320441884776,群组4
18,0.038000000000000006,5,158,38.321496709430576,群组6
18,0.038000000000000006,6,70,20.703125,群组1
18,0.03900000000000001,0,127,44.343701177,群组7
18,0.03900000000000001,1,111,30.83436199041856,群组3
18,0.03900000000000001,2,121,35.10079343899152,群组5
18,0.03900000000000001,3,104,29.0050345231067,群组2
18,0.03900000000000001,4,104,32.88320441884776,群组4
18,0.03900000000000001,5,160,38.321496709430576,群组6
18,0.03900000000000001,6,70,20.703125,群组1
18,0.04000000000000001,0,150,44.343701177,群组7
18,0.04000000000000001,1,114,30.83436199041856,群组3
18,0.04000000000000001,2,124,35.10079343899152,群组5
18,0.04000000000000001,3,106,29.0050345231067,群组2
18,0.04000000000000001,4,107,32.88320441884776,群组4
18,0.04000000000000001,5,161,38.321496709430576,群组6
18,0.04000000000000001,6,70,20.703125,群组1
18,0.04100000000000001,0,152,44.343701177,群组7
18,0.04100000000000001,1,117,30.83436199041856,群组3
18,0.04100000000000001,2,127,35.10079343899152,群组5
18,0.04100000000000001,3,109,29.0050345231067,群组2
18,0.04100000000000001,4,110,32.88320441884776,群组4
18,0.04100000000000001,5,162,38.321496709430576,群组6
18,0.04100000000000001,6,70,20.703125,群组1
18,0.04200000000000001,0,154,44.343701177,群组7
18,0.04200000000000001,1,120,30.83436199041856,群组3
18,0.04200000000000001,2,131,35.10079343899152,群组5
18,0.04200000000000001,3,111,29.0050345231067,群组2
18,0.04200000000000001,4,113,32.88320441884776,群组4
18,0.04200000000000001,5,163,38.321496709430576,群组6
18,0.04200000000000001,6,70,20.703125,群组1
18,0.04300000000000001,0,155,44.343701177,群组7
18,0.04300000000000001,1,124,30.83436199041856,群组3
18,0.04300000000000001,2,134,35.10079343899152,群组5
18,0.04300000000000001,3,114,29.0050345231067,群组2
18,0.04300000000000001,4,116,32.88320441884776,群组4
18,0.04300000000000001,5,164,38.321496709430576,群组6
18,0.04300000000000001,6,71,20.703125,群组1
18,0.04400000000000001,0,156,44.343701177,群组7
18,0.04400000000000001,1,128,30.83436199041856,群组3
18,0.04400000000000001,2,138,35.10079343899152,群组5
18,0.04400000000000001,3,117,29.0050345231067,群组2
18,0.04400000000000001,4,119,32.88320441884776,群组4
18,0.04400000000000001,5,165,38.321496709430576,群组6
18,0.04400000000000001,6,72,20.703125,群组1
18,0.04500000000000001,0,157,44.343701177,群组7
18,0.04500000000000001,1,132,30.83436199041856,群组3
18,0.04500000000000001,2,141,35.10079343899152,群组5
18,0.04500000000000001,3,120,29.0050345231067,群组2
18,0.04500000000000001,4,124,32.88320441884776,群组4
18,0.04500000000000001,5,166,38.321496709430576,群组6
18,0.04500000000000001,6,74,20.703125,群组1
20,0.035,0,117,44.343701177,群组7
20,0.035,1,107,30.83436199041856,群组3
20,0.035,2,115,35.10079343899152,群组5
20,0.035,3,99,29.0050345231067,群组2
20,0.035,4,101,32.88320441884776,群组4
20,0.035,5,156,38.321496709430576,群组6
20,0.035,6,70,20.703125,群组1
20,0.036000000000000004,0,121,44.343701177,群组7
20,0.036000000000000004,1,109,30.83436199041856,群组3
20,0.036000000000000004,2,118,35.10079343899152,群组5
20,0.036000000000000004,3,102,29.0050345231067,群组2
20,0.036000000000000004,4,103,32.88320441884776,群组4
20,0.036000000000000004,5,158,38.321496709430576,群组6
20,0.036000000000000004,6,70,20.703125,群组1
20,0.037000000000000005,0,126,44.343701177,群组7
20,0.037000000000000005,1,112,30.83436199041856,群组3
20,0.037000000000000005,2,120,35.10079343899152,群组5
20,0.037000000000000005,3,104,29.0050345231067,群组2
20,0.037000000000000005,4,106,32.88320441884776,群组4
20,0.037000000000000005,5,159,38.321496709430576,群组6
20,0.037000000000000005,6,70,20.703125,群组1
20,0.038000000000000006,0,152,44.343701177,群组7
20,0.038000000000000006,1,115,30.83436199041856,群组3
20,0.038000000000000006,2,123,35.10079343899152,群组5
20,0.038000000000000006,3,107,29.0050345231067,群组2
20,0.038000000000000006,4,108,32.88320441884776,群组4
20,0.038000000000000006,5,160,38.321496709430576,群组6
20,0.038000000000000006,6,70,20.703125,群组1
20,0.03900000000000001,0,154,44.343701177,群组7
20,0.03900000000000001,1,118,30.83436199041856,群组3
20,0.03900000000000001,2,126,35.10079343899152,群组5
20,0.03900000000000001,3,109,29.0050345231067,群组2
20,0.03900000000000001,4,111,32.88320441884776,群组4
20,0.03900000000000001,5,161,38.321496709430576,群组6
20,0.03900000000000001,6,70,20.703125,群组1
20,0.04000000000000001,0,155,44.343701177,群组7
20,0.04000000000000001,1,121,30.83436199041856,群组3
20,0.04000000000000001,2,129,35.10079343899152,群组5
20,0.04000000000000001,3,112,29.0050345231067,群组2
20,0.04000000000000001,4,114,32.88320441884776,群组4
20,0.04000000000000001,5,162,38.321496709430576,群组6
20,0.04000000000000001,6,70,20.703125,群组1
20,0.04100000000000001,0,156,44.343701177,群组7
20,0.04100000000000001,1,124,30.83436199041856,群组3
20,0.04100000000000001,2,133,35.10079343899152,群组5
20,0.04100000000000001,3,114,29.0050345231067,群组2
20,0.04100000000000001,4,118,32.88320441884776,群组4
20,0.04100000000000001,5,163,38.321496709430576,群组6
20,0.04100000000000001,6,70,20.703125,群组1
20,0.04200000000000001,0,157,44.343701177,群组7
20,0.04200000000000001,1,128,30.83436199041856,群组3
20,0.04200000000000001,2,136,35.10079343899152,群组5
20,0.04200000000000001,3,117,29.0050345231067,群组2
20,0.04200000000000001,4,121,32.88320441884776,群组4
20,0.04200000000000001,5,164,38.321496709430576,群组6
20,0.04200000000000001,6,70,20.703125,群组1
20,0.04300000000000001,0,158,44.343701177,群组7
20,0.04300000000000001,1,132,30.83436199041856,群组3
20,0.04300000000000001,2,139,35.10079343899152,群组5
20,0.04300000000000001,3,120,29.0050345231067,群组2
20,0.04300000000000001,4,126,32.88320441884776,群组4
20,0.04300000000000001,5,165,38.321496709430576,群组6
20,0.04300000000000001,6,71,20.703125,群组1
20,0.04400000000000001,0,159,44.343701177,群组7
20,0.04400000000000001,1,136,30.83436199041856,群组3
20,0.04400000000000001,2,142,35.10079343899152,群组5
20,0.04400000000000001,3,123,29.0050345231067,群组2
20,0.04400000000000001,4,131,32.88320441884776,群组4
20,0.04400000000000001,5,166,38.321496709430576,群组6
20,0.04400000000000001,6,73,20.703125,群组1
20,0.04500000000000001,0,160,44.343701177,群组7
20,0.04500000000000001,1,140,30.83436199041856,群组3
20,0.04500000000000001,2,145,35.10079343899152,群组5
20,0.04500000000000001,3,126,29.0050345231067,群组2
20,0.04500000000000001,4,138,32.88320441884776,群组4
20,0.04500000000000001,5,167,38.321496709430576,群组6
20,0.04500000000000001,6,74,20.703125,群组1
22,0.035,0,152,44.343701177,群组7
22,0.035,1,112,30.83436199041856,群组3
22,0.035,2,119,35.10079343899152,群组5
22,0.035,3,104,29.0050345231067,群组2
22,0.035,4,106,32.88320441884776,群组4
22,0.035,5,158,38.321496709430576,群组6
22,0.035,6,70,20.703125,群组1
22,0.036000000000000004,0,154,44.343701177,群组7
22,0.036000000000000004,1,115,30.83436199041856,群组3
22,0.036000000000000004,2,122,35.10079343899152,群组5
22,0.036000000000000004,3,106,29.0050345231067,群组2
22,0.036000000000000004,4,109,32.88320441884776,群组4
22,0.036000000000000004,5,159,38.321496709430576,群组6
22,0.036000000000000004,6,70,20.703125,群组1
22,0.037000000000000005,0,155,44.343701177,群组7
22,0.037000000000000005,1,118,30.83436199041856,群组3
22,0.037000000000000005,2,125,35.10079343899152,群组5
22,0.037000000000000005,3,109,29.0050345231067,群组2
22,0.037000000000000005,4,112,32.88320441884776,群组4
22,0.037000000000000005,5,160,38.321496709430576,群组6
22,0.037000000000000005,6,70,20.703125,群组1
22,0.038000000000000006,0,156,44.343701177,群组7
22,0.038000000000000006,1,121,30.83436199041856,群组3
22,0.038000000000000006,2,128,35.10079343899152,群组5
22,0.038000000000000006,3,111,29.0050345231067,群组2
22,0.038000000000000006,4,115,32.88320441884776,群组4
22,0.038000000000000006,5,161,38.321496709430576,群组6
22,0.038000000000000006,6,70,20.703125,群组1
22,0.03900000000000001,0,157,44.343701177,群组7
22,0.03900000000000001,1,124,30.83436199041856,群组3
22,0.03900000000000001,2,131,35.10079343899152,群组5
22,0.03900000000000001,3,114,29.0050345231067,群组2
22,0.03900000000000001,4,118,32.88320441884776,群组4
22,0.03900000000000001,5,162,38.321496709430576,群组6
22,0.03900000000000001,6,70,20.703125,群组1
22,0.04000000000000001,0,158,44.343701177,群组7
22,0.04000000000000001,1,127,30.83436199041856,群组3
22,0.04000000000000001,2,134,35.10079343899152,群组5
22,0.04000000000000001,3,116,29.0050345231067,群组2
22,0.04000000000000001,4,121,32.88320441884776,群组4
22,0.04000000000000001,5,163,38.321496709430576,群组6
22,0.04000000000000001,6,70,20.703125,群组1
22,0.04100000000000001,0,159,44.343701177,群组7
22,0.04100000000000001,1,131,30.83436199041856,群组3
22,0.04100000000000001,2,137,35.10079343899152,群组5
22,0.04100000000000001,3,119,29.0050345231067,群组2
22,0.04100000000000001,4,126,32.88320441884776,群组4
22,0.04100000000000001,5,164,38.321496709430576,群组6
22,0.04100000000000001,6,70,20.703125,群组1
22,0.04200000000000001,0,159,44.343701177,群组7
22,0.04200000000000001,1,134,30.83436199041856,群组3
22,0.04200000000000001,2,140,35.10079343899152,群组5
22,0.04200000000000001,3,122,29.0050345231067,群组2
22,0.04200000000000001,4,130,32.88320441884776,群组4
22,0.04200000000000001,5,165,38.321496709430576,群组6
22,0.04200000000000001,6,70,20.703125,群组1
22,0.04300000000000001,0,160,44.343701177,群组7
22,0.04300000000000001,1,138,30.83436199041856,群组3
22,0.04300000000000001,2,143,35.10079343899152,群组5
22,0.04300000000000001,3,125,29.0050345231067,群组2
22,0.04300000000000001,4,136,32.88320441884776,群组4
22,0.04300000000000001,5,166,38.321496709430576,群组6
22,0.04300000000000001,6,71,20.703125,群组1
22,0.04400000000000001,0,161,44.343701177,群组7
22,0.04400000000000001,1,141,30.83436199041856,群组3
22,0.04400000000000001,2,146,35.10079343899152,群组5
22,0.04400000000000001,3,129,29.0050345231067,群组2
22,0.04400000000000001,4,142,32.88320441884776,群组4
22,0.04400000000000001,5,167,38.321496709430576,群组6
22,0.04400000000000001,6,73,20.703125,群组1
22,0.04500000000000001,0,162,44.343701177,群组7
22,0.04500000000000001,1,144,30.83436199041856,群组3
22,0.04500000000000001,2,148,35.10079343899152,群组5
22,0.04500000000000001,3,132,29.0050345231067,群组2
22,0.04500000000000001,4,145,32.88320441884776,群组4
22,0.04500000000000001,5,167,38.321496709430576,群组6
22,0.04500000000000001,6,74,20.703125,群组1
24,0.035,0,156,44.343701177,群组7
24,0.035,1,117,30.83436199041856,群组3
24,0.035,2,122,35.10079343899152,群组5
24,0.035,3,107,29.0050345231067,群组2
24,0.035,4,111,32.88320441884776,群组4
24,0.035,5,159,38.321496709430576,群组6
24,0.035,6,70,20.703125,群组1
24,0.036000000000000004,0,157,44.343701177,群组7
24,0.036000000000000004,1,119,30.83436199041856,群组3
24,0.036000000000000004,2,125,35.10079343899152,群组5
24,0.036000000000000004,3,110,29.0050345231067,群组2
24,0.036000000000000004,4,114,32.88320441884776,群组4
24,0.036000000000000004,5,160,38.321496709430576,群组6
24,0.036000000000000004,6,70,20.703125,群组1
24,0.037000000000000005,0,158,44.343701177,群组7
24,0.037000000000000005,1,122,30.83436199041856,群组3
24,0.037000000000000005,2,128,35.10079343899152,群组5
24,0.037000000000000005,3,112,29.0050345231067,群组2
24,0.037000000000000005,4,117,32.88320441884776,群组4
24,0.037000000000000005,5,161,38.321496709430576,群组6
24,0.037000000000000005,6,70,20.703125,群组1
24,0.038000000000000006,0,158,44.343701177,群组7
24,0.038000000000000006,1,125,30.83436199041856,群组3
24,0.038000000000000006,2,131,35.10079343899152,群组5
24,0.038000000000000006,3,115,29.0050345231067,群组2
24,0.038000000000000006,4,121,32.88320441884776,群组4
24,0.038000000000000006,5,162,38.321496709430576,群组6
24,0.038000000000000006,6,70,20.703125,群组1
24,0.03900000000000001,0,159,44.343701177,群组7
24,0.03900000000000001,1,129,30.83436199041856,群组3
24,0.03900000000000001,2,135,35.10079343899152,群组5
24,0.03900000000000001,3,118,29.0050345231067,群组2
24,0.03900000000000001,4,124,32.88320441884776,群组4
24,0.03900000000000001,5,163,38.321496709430576,群组6
24,0.03900000000000001,6,70,20.703125,群组1
24,0.04000000000000001,0,160,44.343701177,群组7
24,0.04000000000000001,1,132,30.83436199041856,群组3
24,0.04000000000000001,2,138,35.10079343899152,群组5
24,0.04000000000000001,3,121,29.0050345231067,群组2
24,0.04000000000000001,4,129,32.88320441884776,群组4
24,0.04000000000000001,5,164,38.321496709430576,群组6
24,0.04000000000000001,6,70,20.703125,群组1
24,0.04100000000000001,0,161,44.343701177,群组7
24,0.04100000000000001,1,136,30.83436199041856,群组3
24,0.04100000000000001,2,141,35.10079343899152,群组5
24,0.04100000000000001,3,123,29.0050345231067,群组2
24,0.04100000000000001,4,134,32.88320441884776,群组4
24,0.04100000000000001,5,165,38.321496709430576,群组6
24,0.04100000000000001,6,70,20.703125,群组1
24,0.04200000000000001,0,161,44.343701177,群组7
24,0.04200000000000001,1,139,30.83436199041856,群组3
24,0.04200000000000001,2,143,35.10079343899152,群组5
24,0.04200000000000001,3,127,29.0050345231067,群组2
24,0.04200000000000001,4,139,32.88320441884776,群组4
24,0.04200000000000001,5,165,38.321496709430576,群组6
24,0.04200000000000001,6,70,20.703125,群组1
24,0.04300000000000001,0,162,44.343701177,群组7
24,0.04300000000000001,1,142,30.83436199041856,群组3
24,0.04300000000000001,2,146,35.10079343899152,群组5
24,0.04300000000000001,3,130,29.0050345231067,群组2
24,0.04300000000000001,4,144,32.88320441884776,群组4
24,0.04300000000000001,5,165,38.321496709430576,群组6
24,0.04300000000000001,6,72,20.703125,群组1
24,0.04400000000000001,0,162,44.343701177,群组7
24,0.04400000000000001,1,145,30.83436199041856,群组3
24,0.04400000000000001,2,148,35.10079343899152,群组5
24,0.04400000000000001,3,133,29.0050345231067,群组2
24,0.04400000000000001,4,147,32.88320441884776,群组4
24,0.04400000000000001,5,165,38.321496709430576,群组6
24,0.04400000000000001,6,73,20.703125,群组1
24,0.04500000000000001,0,163,44.343701177,群组7
24,0.04500000000000001,1,147,30.83436199041856,群组3
24,0.04500000000000001,2,150,35.10079343899152,群组5
24,0.04500000000000001,3,136,29.0050345231067,群组2
24,0.04500000000000001,4,149,32.88320441884776,群组4
24,0.04500000000000001,5,165,38.321496709430576,群组6
24,0.04500000000000001,6,75,20.703125,群组1
26,0.035,0,158,44.343701177,群组7
26,0.035,1,120,30.83436199041856,群组3
26,0.035,2,126,35.10079343899152,群组5
26,0.035,3,111,29.0050345231067,群组2
26,0.035,4,116,32.88320441884776,群组4
26,0.035,5,160,38.321496709430576,群组6
26,0.035,6,70,20.703125,群组1
26,0.036000000000000004,0,159,44.343701177,群组7
26,0.036000000000000004,1,123,30.83436199041856,群组3
26,0.036000000000000004,2,129,35.10079343899152,群组5
26,0.036000000000000004,3,113,29.0050345231067,群组2
26,0.036000000000000004,4,119,32.88320441884776,群组4
26,0.036000000000000004,5,161,38.321496709430576,群组6
26,0.036000000000000004,6,70,20.703125,群组1
26,0.037000000000000005,0,160,44.343701177,群组7
26,0.037000000000000005,1,126,30.83436199041856,群组3
26,0.037000000000000005,2,132,35.10079343899152,群组5
26,0.037000000000000005,3,116,29.0050345231067,群组2
26,0.037000000000000005,4,123,32.88320441884776,群组4
26,0.037000000000000005,5,162,38.321496709430576,群组6
26,0.037000000000000005,6,70,20.703125,群组1
26,0.038000000000000006,0,160,44.343701177,群组7
26,0.038000000000000006,1,130,30.83436199041856,群组3
26,0.038000000000000006,2,135,35.10079343899152,群组5
26,0.038000000000000006,3,119,29.0050345231067,群组2
26,0.038000000000000006,4,127,32.88320441884776,群组4
26,0.038000000000000006,5,163,38.321496709430576,群组6
26,0.038000000000000006,6,70,20.703125,群组1
26,0.03900000000000001,0,161,44.343701177,群组7
26,0.03900000000000001,1,133,30.83436199041856,群组3
26,0.03900000000000001,2,138,35.10079343899152,群组5
26,0.03900000000000001,3,121,29.0050345231067,群组2
26,0.03900000000000001,4,131,32.88320441884776,群组4
26,0.03900000000000001,5,163,38.321496709430576,群组6
26,0.03900000000000001,6,70,20.703125,群组1
26,0.04000000000000001,0,161,44.343701177,群组7
26,0.04000000000000001,1,136,30.83436199041856,群组3
26,0.04000000000000001,2,141,35.10079343899152,群组5
26,0.04000000000000001,3,124,29.0050345231067,群组2
26,0.04000000000000001,4,136,32.88320441884776,群组4
26,0.04000000000000001,5,163,38.321496709430576,群组6
26,0.04000000000000001,6,70,20.703125,群组1
26,0.04100000000000001,0,162,44.343701177,群组7
26,0.04100000000000001,1,140,30.83436199041856,群组3
26,0.04100000000000001,2,143,35.10079343899152,群组5
26,0.04100000000000001,3,127,29.0050345231067,群组2
26,0.04100000000000001,4,141,32.88320441884776,群组4
26,0.04100000000000001,5,163,38.321496709430576,群组6
26,0.04100000000000001,6,70,20.703125,群组1
26,0.04200000000000001,0,163,44.343701177,群组7
26,0.04200000000000001,1,142,30.83436199041856,群组3
26,0.04200000000000001,2,146,35.10079343899152,群组5
26,0.04200000000000001,3,130,29.0050345231067,群组2
26,0.04200000000000001,4,145,32.88320441884776,群组4
26,0.04200000000000001,5,163,38.321496709430576,群组6
26,0.04200000000000001,6,70,20.703125,群组1
26,0.04300000000000001,0,163,44.343701177,群组7
26,0.04300000000000001,1,145,30.83436199041856,群组3
26,0.04300000000000001,2,148,35.10079343899152,群组5
26,0.04300000000000001,3,134,29.0050345231067,群组2
26,0.04300000000000001,4,147,32.88320441884776,群组4
26,0.04300000000000001,5,163,38.321496709430576,群组6
26,0.04300000000000001,6,72,20.703125,群组1
26,0.04400000000000001,0,163,44.343701177,群组7
26,0.04400000000000001,1,147,30.83436199041856,群组3
26,0.04400000000000001,2,150,35.10079343899152,群组5
26,0.04400000000000001,3,137,29.0050345231067,群组2
26,0.04400000000000001,4,150,32.88320441884776,群组4
26,0.04400000000000001,5,163,38.321496709430576,群组6
26,0.04400000000000001,6,73,20.703125,群组1
26,0.04500000000000001,0,163,44.343701177,群组7
26,0.04500000000000001,1,149,30.83436199041856,群组3
26,0.04500000000000001,2,152,35.10079343899152,群组5
26,0.04500000000000001,3,140,29.0050345231067,群组2
26,0.04500000000000001,4,152,32.88320441884776,群组4
26,0.04500000000000001,5,163,38.321496709430576,群组6
26,0.04500000000000001,6,75,20.703125,群组1
28,0.035,0,160,44.343701177,群组7
28,0.035,1,124,30.83436199041856,群组3
28,0.035,2,129,35.10079343899152,群组5
28,0.035,3,114,29.0050345231067,群组2
28,0.035,4,121,32.88320441884776,群组4
28,0.035,5,161,38.321496709430576,群组6
28,0.035,6,70,20.703125,群组1
28,0.036000000000000004,0,160,44.343701177,群组7
28,0.036000000000000004,1,127,30.83436199041856,群组3
28,0.036000000000000004,2,132,35.10079343899152,群组5
28,0.036000000000000004,3,116,29.0050345231067,群组2
28,0.036000000000000004,4,124,32.88320441884776,群组4
28,0.036000000000000004,5,161,38.321496709430576,群组6
28,0.036000000000000004,6,70,20.703125,群组1
28,0.037000000000000005,0,161,44.343701177,群组7
28,0.037000000000000005,1,130,30.83436199041856,群组3
28,0.037000000000000005,2,135,35.10079343899152,群组5
28,0.037000000000000005,3,119,29.0050345231067,群组2
28,0.037000000000000005,4,128,32.88320441884776,群组4
28,0.037000000000000005,5,161,38.321496709430576,群组6
28,0.037000000000000005,6,70,20.703125,群组1
28,0.038000000000000006,0,161,44.343701177,群组7
28,0.038000000000000006,1,133,30.83436199041856,群组3
28,0.038000000000000006,2,138,35.10079343899152,群组5
28,0.038000000000000006,3,122,29.0050345231067,群组2
28,0.038000000000000006,4,133,32.88320441884776,群组4
28,0.038000000000000006,5,161,38.321496709430576,群组6
28,0.038000000000000006,6,70,20.703125,群组1
28,0.03900000000000001,0,161,44.343701177,群组7
28,0.03900000000000001,1,136,30.83436199041856,群组3
28,0.03900000000000001,2,140,35.10079343899152,群组5
28,0.03900000000000001,3,125,29.0050345231067,群组2
28,0.03900000000000001,4,138,32.88320441884776,群组4
28,0.03900000000000001,5,161,38.321496709430576,群组6
28,0.03900000000000001,6,70,20.703125,群组1
28,0.04000000000000001,0,161,44.343701177,群组7
28,0.04000000000000001,1,140,30.83436199041856,群组3
28,0.04000000000000001,2,143,35.10079343899152,群组5
28,0.04000000000000001,3,128,29.0050345231067,群组2
28,0.04000000000000001,4,142,32.88320441884776,群组4
28,0.04000000000000001,5,161,38.321496709430576,群组6
28,0.04000000000000001,6,70,20.703125,群组1
28,0.04100000000000001,0,161,44.343701177,群组7
28,0.04100000000000001,1,142,30.83436199041856,群组3
28,0.04100000000000001,2,146,35.10079343899152,群组5
28,0.04100000000000001,3,131,29.0050345231067,群组2
28,0.04100000000000001,4,145,32.88320441884776,群组4
28,0.04100000000000001,5,161,38.321496709430576,群组6
28,0.04100000000000001,6,70,20.703125,群组1
28,0.04200000000000001,0,161,44.343701177,群组7
28,0.04200000000000001,1,145,30.83436199041856,群组3
28,0.04200000000000001,2,148,35.10079343899152,群组5
28,0.04200000000000001,3,134,29.0050345231067,群组2
28,0.04200000000000001,4,148,32.88320441884776,群组4
28,0.04200000000000001,5,161,38.321496709430576,群组6
28,0.04200000000000001,6,70,20.703125,群组1
28,0.04300000000000001,0,161,44.343701177,群组7
28,0.04300000000000001,1,147,30.83436199041856,群组3
28,0.04300000000000001,2,150,35.10079343899152,群组5
28,0.04300000000000001,3,137,29.0050345231067,群组2
28,0.04300000000000001,4,150,32.88320441884776,群组4
28,0.04300000000000001,5,161,38.321496709430576,群组6
28,0.04300000000000001,6,72,20.703125,群组1
28,0.04400000000000001,0,161,44.343701177,群组7
28,0.04400000000000001,1,149,30.83436199041856,群组3
28,0.04400000000000001,2,152,35.10079343899152,群组5
28,0.04400000000000001,3,140,29.0050345231067,群组2
28,0.04400000000000001,4,152,32.88320441884776,群组4
28,0.04400000000000001,5,161,38.321496709430576,群组6
28,0.04400000000000001,6,74,20.703125,群组1
28,0.04500000000000001,0,161,44.343701177,群组7
28,0.04500000000000001,1,151,30.83436199041856,群组3
28,0.04500000000000001,2,153,35.10079343899152,群组5
28,0.04500000000000001,3,143,29.0050345231067,群组2
28,0.04500000000000001,4,153,32.88320441884776,群组4
28,0.04500000000000001,5,161,38.321496709430576,群组6
28,0.04500000000000001,6,75,20.703125,群组1
